{"cameraMode":{"drawMode":0,"name":"Shaded","section":"Shading Mode"},"sceneLighting":true,"audioPlay":false,"sceneViewState":{"showFog":false,"showMaterialUpdate":false,"showSkybox":true,"showFlares":false,"showImageEffects":false,"showParticleSystems":false},"in2DMode":false,"pivot":{"x":-48.23512649536133,"y":-81.80677032470703,"z":-45.350730895996097},"rotation":{"x":-0.14188185334205628,"y":0.8569954037666321,"z":-0.32581827044487,"w":-0.3731904923915863},"size":137.56349182128907,"orthographic":false}